{"cameraMode":{"drawMode":0,"name":"Shaded","section":"Shading Mode"},"sceneLighting":false,"audioPlay":false,"sceneViewState":{"showFog":false,"showMaterialUpdate":false,"showSkybox":false,"showFlares":false,"showImageEffects":false,"showParticleSystems":false},"in2DMode":false,"pivot":{"x":0.0007239580154418945,"y":0.04323434829711914,"z":1.006827712059021},"rotation":{"x":0.14837023615837098,"y":0.6477404832839966,"z":-0.13053686916828156,"w":0.7359081506729126},"size":1.8983149528503419,"orthographic":false}