{"cameraMode":{"drawMode":0,"name":"Shaded","section":"Shading Mode"},"sceneLighting":false,"audioPlay":false,"sceneViewState":{"showFog":false,"showMaterialUpdate":false,"showSkybox":false,"showFlares":false,"showImageEffects":false,"showParticleSystems":false},"in2DMode":false,"pivot":{"x":0.06351800262928009,"y":0.1400209665298462,"z":-0.23794996738433839},"rotation":{"x":-0.12507611513137818,"y":0.8664080500602722,"z":-0.2703138291835785,"w":-0.40099385380744936},"size":11.680974006652832,"orthographic":false}