{"cameraMode":{"drawMode":0,"name":"Shaded","section":"Shading Mode"},"sceneLighting":false,"audioPlay":false,"sceneViewState":{"showFog":false,"showMaterialUpdate":false,"showSkybox":false,"showFlares":false,"showImageEffects":false,"showParticleSystems":false},"in2DMode":false,"pivot":{"x":-2.069279193878174,"y":0.5900876522064209,"z":-5.699187278747559},"rotation":{"x":0.003817871445789933,"y":-0.795108437538147,"z":-0.004999815486371517,"w":-0.6064621210098267},"size":1.9626576900482178,"orthographic":false}