{"cameraMode":{"drawMode":0,"name":"Shaded","section":"Shading Mode"},"sceneLighting":false,"audioPlay":false,"sceneViewState":{"showFog":false,"showMaterialUpdate":false,"showSkybox":false,"showFlares":false,"showImageEffects":false,"showParticleSystems":false},"in2DMode":false,"pivot":{"x":0.7330299615859985,"y":-0.40173983573913576,"z":0.03817629814147949},"rotation":{"x":-0.014137523248791695,"y":0.9570369720458984,"z":-0.2860214114189148,"w":-0.04737776517868042},"size":3.056331157684326,"orthographic":false}