{"cameraMode":{"drawMode":0,"name":"Shaded","section":"Shading Mode"},"sceneLighting":false,"audioPlay":false,"sceneViewState":{"showFog":false,"showMaterialUpdate":false,"showSkybox":false,"showFlares":false,"showImageEffects":false,"showParticleSystems":false},"in2DMode":false,"pivot":{"x":0.6818333864212036,"y":1.9893403053283692,"z":0.4293646216392517},"rotation":{"x":-0.0002363579551456496,"y":-0.9990097284317017,"z":-0.04468546062707901,"w":0.005073246546089649},"size":5.096152305603027,"orthographic":false}