{"cameraMode":{"drawMode":0,"name":"Shaded","section":"Shading Mode"},"sceneLighting":false,"audioPlay":false,"sceneViewState":{"showFog":false,"showMaterialUpdate":false,"showSkybox":false,"showFlares":false,"showImageEffects":false,"showParticleSystems":false},"in2DMode":false,"pivot":{"x":-0.3767487108707428,"y":1.2318930625915528,"z":10.973438262939454},"rotation":{"x":0.3328056335449219,"y":0.011029385030269623,"z":-0.0038924971595406534,"w":0.9429288506507874},"size":7.309729099273682,"orthographic":false}