{"cameraMode":{"drawMode":0,"name":"Shaded","section":"Shading Mode"},"sceneLighting":false,"audioPlay":false,"sceneViewState":{"showFog":false,"showMaterialUpdate":false,"showSkybox":false,"showFlares":false,"showImageEffects":false,"showParticleSystems":false},"in2DMode":false,"pivot":{"x":0.6818333864212036,"y":-0.620659589767456,"z":0.4293646216392517},"rotation":{"x":-0.00015561710461042821,"y":-0.9990298748016357,"z":0.0032964209094643594,"w":-0.044407449662685397},"size":1.1961522102355958,"orthographic":false}