{"cameraMode":{"drawMode":0,"name":"Shaded","section":"Shading Mode"},"sceneLighting":false,"audioPlay":false,"sceneViewState":{"showFog":false,"showMaterialUpdate":false,"showSkybox":false,"showFlares":false,"showImageEffects":false,"showParticleSystems":false},"in2DMode":false,"pivot":{"x":0.6818333864212036,"y":1.9893403053283692,"z":0.4293646216392517},"rotation":{"x":0.048602089285850528,"y":-0.8523666858673096,"z":-0.08053430169820786,"w":-0.5144206881523132},"size":5.096152305603027,"orthographic":false}