{"cameraMode":{"drawMode":0,"name":"Shaded","section":"Shading Mode"},"sceneLighting":false,"audioPlay":false,"sceneViewState":{"showFog":false,"showMaterialUpdate":false,"showSkybox":false,"showFlares":false,"showImageEffects":false,"showParticleSystems":false},"in2DMode":false,"pivot":{"x":-0.5074772834777832,"y":0.6559181213378906,"z":0.7275160551071167},"rotation":{"x":0.21891221404075623,"y":-0.6563383340835571,"z":0.20779114961624146,"w":0.6915039420127869},"size":5.949698448181152,"orthographic":false}