{"cameraMode":{"drawMode":0,"name":"Shaded","section":"Shading Mode"},"sceneLighting":false,"audioPlay":false,"sceneViewState":{"showFog":false,"showMaterialUpdate":false,"showSkybox":false,"showFlares":false,"showImageEffects":false,"showParticleSystems":false},"in2DMode":false,"pivot":{"x":9.974592208862305,"y":6.112882614135742,"z":20.948009490966798},"rotation":{"x":0.046286292374134067,"y":-0.952014148235321,"z":0.24147167801856996,"w":0.18238669633865357},"size":13.882140159606934,"orthographic":false}