{"cameraMode":{"drawMode":0,"name":"Shaded","section":"Shading Mode"},"sceneLighting":false,"audioPlay":false,"sceneViewState":{"showFog":false,"showMaterialUpdate":false,"showSkybox":false,"showFlares":false,"showImageEffects":false,"showParticleSystems":false},"in2DMode":false,"pivot":{"x":-0.5165822505950928,"y":0.6769444942474365,"z":-6.1040754318237309},"rotation":{"x":-0.05883385241031647,"y":-0.9350871443748474,"z":0.18586695194244386,"w":-0.29604020714759829},"size":4.410895824432373,"orthographic":false}