{"cameraMode":{"drawMode":0,"name":"Shaded","section":"Shading Mode"},"sceneLighting":false,"audioPlay":false,"sceneViewState":{"showFog":false,"showMaterialUpdate":false,"showSkybox":false,"showFlares":false,"showImageEffects":false,"showParticleSystems":false},"in2DMode":false,"pivot":{"x":-8.150070190429688,"y":-0.7702386379241943,"z":11.737899780273438},"rotation":{"x":0.007227330002933741,"y":0.6595792174339294,"z":-0.7515778541564941,"w":0.006343178451061249},"size":4.223203659057617,"orthographic":false}