{"cameraMode":{"drawMode":0,"name":"Shaded","section":"Shading Mode"},"sceneLighting":false,"audioPlay":false,"sceneViewState":{"showFog":false,"showMaterialUpdate":false,"showSkybox":false,"showFlares":false,"showImageEffects":false,"showParticleSystems":false},"in2DMode":false,"pivot":{"x":3.8143656253814699,"y":9.521222114562989,"z":38.232872009277347},"rotation":{"x":0.13096928596496583,"y":-0.031230153515934945,"z":0.004100734367966652,"w":0.9909065365791321},"size":-0.8324243426322937,"orthographic":false}