{"cameraMode":{"drawMode":0,"name":"Shaded","section":"Shading Mode"},"sceneLighting":false,"audioPlay":false,"sceneViewState":{"showFog":false,"showMaterialUpdate":false,"showSkybox":false,"showFlares":false,"showImageEffects":false,"showParticleSystems":false},"in2DMode":false,"pivot":{"x":-0.07960820198059082,"y":-0.1867614984512329,"z":0.0294935405254364},"rotation":{"x":0.15427181124687196,"y":-0.7346593737602234,"z":0.1781497299671173,"w":0.6361986994743347},"size":3.233452558517456,"orthographic":false}