{"cameraMode":{"drawMode":0,"name":"Shaded","section":"Shading Mode"},"sceneLighting":false,"audioPlay":false,"sceneViewState":{"showFog":false,"showMaterialUpdate":false,"showSkybox":false,"showFlares":false,"showImageEffects":false,"showParticleSystems":false},"in2DMode":false,"pivot":{"x":-0.0783456414937973,"y":0.38370150327682497,"z":0.1862245798110962},"rotation":{"x":0.01581159606575966,"y":0.9634424448013306,"z":-0.261368066072464,"w":0.058202143758535388},"size":4.556331157684326,"orthographic":false}