{"cameraMode":{"drawMode":0,"name":"Shaded","section":"Shading Mode"},"sceneLighting":false,"audioPlay":false,"sceneViewState":{"showFog":false,"showMaterialUpdate":false,"showSkybox":false,"showFlares":false,"showImageEffects":false,"showParticleSystems":false},"in2DMode":false,"pivot":{"x":-0.5165822505950928,"y":0.6769444942474365,"z":-6.1040754318237309},"rotation":{"x":0.046286292374134067,"y":-0.952014148235321,"z":0.24147167801856996,"w":0.18238669633865357},"size":4.410895824432373,"orthographic":false}