{"cameraMode":{"drawMode":0,"name":"Shaded","section":"Shading Mode"},"sceneLighting":false,"audioPlay":false,"sceneViewState":{"showFog":false,"showMaterialUpdate":false,"showSkybox":false,"showFlares":false,"showImageEffects":false,"showParticleSystems":false},"in2DMode":false,"pivot":{"x":13.669031143188477,"y":4.808469772338867,"z":0.9765623807907105},"rotation":{"x":0.01628570258617401,"y":-0.9829118251800537,"z":0.1488620787858963,"w":0.10745430737733841},"size":2.9123353958129885,"orthographic":false}