{"cameraMode":{"drawMode":0,"name":"Shaded","section":"Shading Mode"},"sceneLighting":false,"audioPlay":false,"sceneViewState":{"showFog":false,"showMaterialUpdate":false,"showSkybox":false,"showFlares":false,"showImageEffects":false,"showParticleSystems":false},"in2DMode":false,"pivot":{"x":0.0,"y":3.1600000858306886,"z":2.426499843597412},"rotation":{"x":0.7071036696434021,"y":-0.002121317433193326,"z":0.002121317433193326,"w":0.7071036696434021},"size":2.869866132736206,"orthographic":false}